_id,title,director,year,genres,cast,ratings.imdb,ratings.rottenTomatoes,ratings.metacritic,awards.oscarsWon,awards.nominations,isOscarNominated
1,Inception,Christopher Nolan,2010,"Sci-Fi,Action,Thriller","Leonardo DiCaprio,Joseph Gordon-Levitt,Elliot Page",8.8,87,74,4,8,TRUE
2,Pulp Fiction,Quentin Tarantino,1994,"Crime,Drama,Cult Classic","John Travolta,Uma Thurman,Samuel L. Jackson",8.9,92,94,1,7,TRUE
3,The Dark Knight,Christopher Nolan,2008,"Action,Crime,Drama,Superhero","Christian Bale,Heath Ledger,Aaron Eckhart",9,94,84,2,8,TRUE
4,Interstellar,Christopher Nolan,2014,"Sci-Fi,Drama,Adventure","Matthew McConaughey,Anne Hathaway,Jessica Chastain",8.7,72,74,1,5,TRUE
5,Forrest Gump,Robert Zemeckis,1994,"Drama,Romance,History","Tom Hanks,Robin Wright,Gary Sinise",8.8,71,82,6,13,TRUE
6,Avatar,James Cameron,2009,"Sci-Fi,Action,Fantasy,Adventure","Sam Worthington,Zoe Saldana,Sigourney Weaver",7.9,82,83,3,9,FALSE
7,Spirited Away,Hayao Miyazaki,2001,"Animation,Adventure,Family,Fantasy","Rumi Hiiragi,Miyu Irino",8.6,97,96,1,1,TRUE
8,Blade Runner 2049,Denis Villeneuve,2017,"Sci-Fi,Drama,Mystery","Ryan Gosling,Harrison Ford,Ana de Armas",8,88,81,2,5,TRUE
9,Eternal Sunshine of the Spotless Mind,Michel Gondry,2004,"Drama,Romance,Sci-Fi","Jim Carrey,Kate Winslet",8.3,92,89,1,1,TRUE
10,Whiplash,Damien Chazelle,2014,"Drama,Music","Miles Teller,J.K. Simmons",8.5,94,88,3,5,TRUE
11,Get Out,Jordan Peele,2017,"Horror,Mystery,Thriller","Daniel Kaluuya,Allison Williams",7.7,98,84,1,4,TRUE
12,Coco,Lee Unkrich,2017,"Animation,Adventure,Family,Fantasy","Anthony Gonzalez,Gael García Bernal",8.4,97,81,2,2,TRUE
13,La La Land,Damien Chazelle,2016,"Comedy,Drama,Music,Musical","Ryan Gosling,Emma Stone",8,91,94,6,14,TRUE
14,Parasite,Bong Joon-ho,2019,"Comedy,Drama,Thriller,Satire","Song Kang-ho,Choi Woo-shik,Park So-dam",8.5,98,96,4,6,TRUE
15,The Matrix,Lana Wachowski,1999,"Sci-Fi,Action","Keanu Reeves,Laurence Fishburne,Carrie-Anne Moss",8.7,88,73,4,4,TRUE
16,Gladiator,Ridley Scott,2000,"Action,Drama,Adventure","Russell Crowe,Joaquin Phoenix,Connie Nielsen",8.5,76,67,5,12,TRUE
17,Inglourious Basterds,Quentin Tarantino,2009,"Adventure,Drama,War","Brad Pitt,Christoph Waltz,Melanie Laurent",8.3,89,69,1,8,TRUE
18,The Lion King,Roger Allers,1994,"Animation,Adventure,Drama","Matthew Broderick,Jeremy Irons,James Earl Jones",8.5,93,88,2,4,TRUE
19,Django Unchained,Quentin Tarantino,2012,"Drama,Western","Jamie Foxx,Christoph Waltz,Leonardo DiCaprio",8.4,87,81,2,5,TRUE
20,Titanic,James Cameron,1997,"Drama,Romance","Leonardo DiCaprio,Kate Winslet,Billy Zane",7.9,89,75,11,14,TRUE
21,Toy Story,John Lasseter,1995,"Animation,Adventure,Comedy","Tom Hanks,Tim Allen,Don Rickles",8.3,100,95,0,3,TRUE
22,Finding Nemo,Andrew Stanton,2003,"Animation,Adventure,Comedy","Albert Brooks,Ellen DeGeneres,Alexander Gould",8.2,99,90,1,4,TRUE
23,The Departed,Martin Scorsese,2006,"Crime,Drama,Thriller","Leonardo DiCaprio,Matt Damon,Jack Nicholson",8.5,91,85,4,5,TRUE
24,Spider-Man: Into the Spider-Verse,Bob Persichetti,2018,"Animation,Action,Adventure","Shameik Moore,Jake Johnson,Hailee Steinfeld",8.4,97,87,1,1,TRUE
25,A Separation,Asghar Farhadi,2011,Drama,"Payman Maadi,Leila Hatami,Sarina Farhadi",8.3,97,95,1,1,TRUE
26,The Grand Budapest Hotel,Wes Anderson,2014,"Adventure,Comedy,Drama","Ralph Fiennes,F. Murray Abraham,Mathieu Amalric",8.1,91,88,4,9,TRUE
27,Coco,Lee Unkrich,2017,"Animation,Adventure,Family,Fantasy","Anthony Gonzalez,Gael García Bernal,Benjamin Bratt",8.4,97,81,2,2,TRUE
28,Room,Lenny Abrahamson,2015,Drama,"Brie Larson,Jacob Tremblay,Joan Allen",8.1,93,86,1,4,TRUE
29,The Imitation Game,Morten Tyldum,2014,"Biography,Drama,Thriller","Benedict Cumberbatch,Keira Knightley,Matthew Goode",8,90,73,1,8,TRUE
30,Spotlight,Tom McCarthy,2015,"Biography,Drama,History","Mark Ruffalo,Michael Keaton,Rachel McAdams",8.1,97,93,2,6,TRUE
31,Manchester by the Sea,Kenneth Lonergan,2016,Drama,"Casey Affleck,Michelle Williams,Kyle Chandler",7.8,96,96,2,6,TRUE
32,"Three Billboards Outside Ebbing, Missouri",Martin McDonagh,2017,"Crime,Drama","Frances McDormand,Woody Harrelson,Sam Rockwell",8.1,90,88,2,7,TRUE
33,Jojo Rabbit,Taika Waititi,2019,"Comedy,Drama,War","Roman Griffin Davis,Thomasin McKenzie,Scarlett Johansson",7.9,80,58,1,6,TRUE
34,1917,Sam Mendes,2019,"Drama,War","George MacKay,Dean-Charles Chapman,Mark Strong",8.3,89,78,3,10,TRUE
35,Ford v Ferrari,James Mangold,2019,"Action,Biography,Drama","Matt Damon,Christian Bale,Jon Bernthal",8.1,92,68,2,4,TRUE
36,The Irishman,Martin Scorsese,2019,"Biography,Crime,Drama","Robert De Niro,Al Pacino,Joe Pesci",7.8,95,94,0,10,TRUE
37,Marriage Story,Noah Baumbach,2019,"Comedy,Drama,Romance","Scarlett Johansson,Adam Driver,Laura Dern",7.9,95,94,1,6,TRUE
38,Little Women,Greta Gerwig,2019,"Drama,Romance","Saoirse Ronan,Emma Watson,Florence Pugh",7.8,95,91,1,6,TRUE
39,Green Book,Peter Farrelly,2018,"Biography,Comedy,Drama","Viggo Mortensen,Mahershala Ali,Linda Cardellini",8.2,78,69,3,5,TRUE
40,Bohemian Rhapsody,Bryan Singer,2018,"Biography,Drama,Music","Rami Malek,Lucy Boynton,Gwilym Lee",7.9,60,49,4,5,TRUE
41,Roma,Alfonso Cuarón,2018,Drama,"Yalitza Aparicio,Marina de Tavira,Diego Cortina Autrey",7.7,96,96,3,10,TRUE
42,Birdman or (The Unexpected Virtue of Ignorance),Alejandro G. Iñárritu,2014,"Comedy,Drama","Michael Keaton,Emma Stone,Edward Norton",7.7,91,87,4,9,TRUE
43,Amour,Michael Haneke,2012,"Drama,Romance","Jean-Louis Trintignant,Emmanuelle Riva,Isabelle Huppert",7.9,93,94,1,5,TRUE
44,Argo,Ben Affleck,2012,"Biography,Drama,Thriller","Ben Affleck,Bryan Cranston,Alan Arkin",7.7,96,86,3,7,TRUE
45,The Artist,Michel Hazanavicius,2011,"Comedy,Drama,Romance","Jean Dujardin,Bérénice Bejo,John Goodman",7.9,95,89,5,10,TRUE
46,The King's Speech,Tom Hooper,2010,"Biography,Drama,History","Colin Firth,Geoffrey Rush,Helena Bonham Carter",8,95,88,4,12,TRUE
47,Slumdog Millionaire,Danny Boyle,2008,"Drama,Romance","Dev Patel,Freida Pinto,Madhur Mittal",8,91,86,8,10,TRUE
48,No Country for Old Men,Joel Coen,2007,"Crime,Drama,Thriller","Javier Bardem,Josh Brolin,Tommy Lee Jones",8.2,93,92,4,8,TRUE
49,There Will Be Blood,Paul Thomas Anderson,2007,Drama,"Daniel Day-Lewis,Paul Dano,Ciarán Hinds",8.2,91,93,2,8,TRUE
50,Crash,Paul Haggis,2004,"Crime,Drama","Don Cheadle,Sandra Bullock,Matt Dillon",7.8,74,69,3,6,TRUE
51,Million Dollar Baby,Clint Eastwood,2004,"Drama,Sport","Clint Eastwood,Hilary Swank,Morgan Freeman",8.1,91,86,4,7,TRUE
52,Mystic River,Clint Eastwood,2003,"Crime,Drama,Mystery","Sean Penn,Tim Robbins,Kevin Bacon",7.9,88,84,2,6,TRUE
53,Chicago,Rob Marshall,2002,"Comedy,Crime,Musical","Renée Zellweger,Catherine Zeta-Jones,Richard Gere",7.2,85,81,6,13,TRUE
54,A Beautiful Mind,Ron Howard,2001,"Biography,Drama","Russell Crowe,Ed Harris,Jennifer Connelly",8.2,74,72,4,8,TRUE
55,Gladiator,Ridley Scott,2000,"Action,Adventure,Drama","Russell Crowe,Joaquin Phoenix,Connie Nielsen",8.5,76,67,5,12,TRUE
56,American Beauty,Sam Mendes,1999,Drama,"Kevin Spacey,Annette Bening,Thora Birch",8.3,87,84,5,8,TRUE
57,Saving Private Ryan,Steven Spielberg,1998,"Drama,War","Tom Hanks,Matt Damon,Tom Sizemore",8.6,93,91,5,11,TRUE
58,Good Will Hunting,Gus Van Sant,1997,"Drama,Romance","Robin Williams,Matt Damon,Ben Affleck",8,98,70,2,9,TRUE
59,Fargo,Joel Coen,1996,"Crime,Drama,Thriller","Frances McDormand,William H. Macy,Steve Buscemi",8.1,94,86,2,7,TRUE
60,Braveheart,Mel Gibson,1995,"Biography,Drama,History","Mel Gibson,Sophie Marceau,Patrick McGoohan",8.3,77,68,5,10,TRUE
61,The Shawshank Redemption,Frank Darabont,1994,Drama,"Tim Robbins,Morgan Freeman,Bob Gunton",9.3,90,80,0,7,TRUE
62,Schindler's List,Steven Spielberg,1993,"Biography,Drama,History","Liam Neeson,Ben Kingsley,Ralph Fiennes",9,97,94,7,12,TRUE
63,Forrest Gump,Robert Zemeckis,1994,"Drama,Romance,History","Tom Hanks,Robin Wright,Gary Sinise",8.8,71,82,6,13,TRUE
64,Jurassic Park,Steven Spielberg,1993,"Adventure,Sci-Fi","Sam Neill,Laura Dern,Jeff Goldblum",8.2,91,68,3,3,FALSE